relative_path,size_bytes,sha256
diff.patch,4099,6909a0d0774b2af3af0f4aaa449020c424936325f5dfd756f9f6f33bf9af8e1f
limitations.md,265,3da988eaf2f72b0c5b6d405c9c79d1f3352a0b8b1ea2f7a5e10d1610be09ff81
metrics.csv,2924,a01a02794454c5861d265f74aa2f9d6dbfc954dab52b732fd8b8cdd383ab9609
objective_summary.json,208,970ca5b8e263645416d4222b93e04cd505f0869b88d93a9edf1c9808863c1318
OpenFAST_input_files/GetOutListVars.m,1253,fdea5cbdbd2561760ad966f56f40be2e4e98b774aa11e804ff68c52be95a6505
OpenFAST_input_files/HydroData/IEA-15-240-RWT-UMaineSemi.1,102312,bca0d60c95c9ab59a15980c4cdcf335f529ce51dd84f6e3a5c0b8d30b2295b92
OpenFAST_input_files/HydroData/IEA-15-240-RWT-UMaineSemi.12d,823722,378401af09396e7b493494e8fc5d26a10bd9f6575500e92b4875d3895d017f2d
OpenFAST_input_files/HydroData/IEA-15-240-RWT-UMaineSemi.12s,823722,a01b6c6b624d703021b4973a26be883ec9511e79ddb7f29f883410c61a47173b
OpenFAST_input_files/HydroData/IEA-15-240-RWT-UMaineSemi.3,2042400,a6fd78f6cb35dcbb79ab82982cee5c5abd11ca6ddc44b6f6f8d657032fb1ed35
OpenFAST_input_files/HydroData/IEA-15-240-RWT-UMaineSemi.hst,1044,658421641ad3b523827c1b3f2faa16ec276e2298fc795c583e6350241ca76e27
OpenFAST_input_files/HydroData/IEA-15-240-RWT-UMaineSemi.ss,56461,f1db217b62082ac1d1ce5e36866ea8efaa2a82cc55336ce4835d703d6a5020ed
OpenFAST_input_files/HydroData/IEA-15-240-RWT-UMaineSemi.ssexctn,22898,c9f2f7103753e42ea723427b8cfd462a77787a5c411e66aee787f7887859f7e2
OpenFAST_input_files/HydroData/IEA-15-240-RWT-UMaineSemi_1stOrder.out.wamit,1257602,89f85beedfcb5aaaed6fc99dfa03d6639a9cc062ec460a56d3f08e7988d989d4
OpenFAST_input_files/HydroData/IEA-15-240-RWT-UMaineSemi_2ndOrder.out.wamit,912493,e3dd2d529798b1274eb1f696c52eafaad4981507219e4f6c885fa73248f4a681
OpenFAST_input_files/HydroData/README.md,1258,b57995ab2ab97a7b97cf0846f5d0d3fb64ec0ba302db09c1f7a99351cd065ad5
OpenFAST_input_files/HydroData/wamit_inputs_1stOrder/fnames.wam,80,5534c23097cc2acac686f1092df22fef29733d65b67b6e977da29706be9c62dd
OpenFAST_input_files/HydroData/wamit_inputs_1stOrder/IEA-15-240-RWT.cfg,823,3ad7fcbee86cf7b7be9fa28a0712cd0ee5d5c510ee1d97f060094d8bc54bd93b
OpenFAST_input_files/HydroData/wamit_inputs_1stOrder/IEA-15-240-RWT.frc,258,0b582999426b8ce77339883288dc838b9fff674d42cb349e667ba0b5f713d2a1
OpenFAST_input_files/HydroData/wamit_inputs_1stOrder/IEA-15-240-RWT.gdf,401207,7c53f71bda719195c49a9b90c355b47fc796f96159ebaf854df918a3e83da153
OpenFAST_input_files/HydroData/wamit_inputs_1stOrder/IEA-15-240-RWT.pot,1889,c471301b7737879221f5f5d534ae27e1ce0223808fa60f833e723837d33a3fa2
OpenFAST_input_files/HydroData/wamit_inputs_2ndOrder/fnames.wam,142,c219430dc94a91729424a00010ccd6b11b36fead32429b18fa329680e8a70869
OpenFAST_input_files/HydroData/wamit_inputs_2ndOrder/IEA-15-240-RWT_2nd.cfg,1025,f030e9982144092a9cd17fbb5e7b8ac9826d73f42c9bef715b958aa499800cd1
OpenFAST_input_files/HydroData/wamit_inputs_2ndOrder/IEA-15-240-RWT_2nd.FDF,429,dc91a343ba6b4b675c975adf687b6a0e2d9a4f4f71f7c4040fb8c4adb7c2a758
OpenFAST_input_files/HydroData/wamit_inputs_2ndOrder/IEA-15-240-RWT_2nd.frc,1471,2a738e08936607018770c484820d4158113f2634c3faa403259112d16abe72c7
OpenFAST_input_files/HydroData/wamit_inputs_2ndOrder/IEA-15-240-RWT_2nd.gdf,140541,3252be602d690820cd47ba4067b04393edea54adf6228abbc04462ae6f845dcd
OpenFAST_input_files/HydroData/wamit_inputs_2ndOrder/IEA-15-240-RWT_2nd.pot,1389,d41724d4aae3dc4f95433c0fa3f461cf32820d996569964a89e7f16e493e2e6c
OpenFAST_input_files/HydroData/wamit_inputs_2ndOrder/IEA-15-240-RWT_2nd.PT2,125,ee6fa360318f84f989c3569686768b65334f41b3bc9586b7cd8d0ba6266f923b
OpenFAST_input_files/IEA-15-240-RWT/Airfoils/IEA-15-240-RWT_AeroDyn15_Polar_00.dat,19199,5ddfe074b8e65dd7db4a40dd758f4c67dcb97ef0e1c6073ec448348da73f8d84
OpenFAST_input_files/IEA-15-240-RWT/Airfoils/IEA-15-240-RWT_AeroDyn15_Polar_01.dat,19199,c5e3fff0bc7ebe5c240d6b426d4fed4531791be2e0e553effb50892621dfdc7d
OpenFAST_input_files/IEA-15-240-RWT/Airfoils/IEA-15-240-RWT_AeroDyn15_Polar_02.dat,19199,9167f236f7496b4a648ec7569720e0bc2fd37c4e1000dcc2c2af9b6e3366d256
OpenFAST_input_files/IEA-15-240-RWT/Airfoils/IEA-15-240-RWT_AeroDyn15_Polar_03.dat,19199,5e870e1c3127a9d07ce1efa35d38fa592a6a8b56c219e710e8c80ffeeff919b0
OpenFAST_input_files/IEA-15-240-RWT/Airfoils/IEA-15-240-RWT_AeroDyn15_Polar_04.dat,19199,de57b8ea0047dcfcbca2bcb601e92b4f793c05672c404985979599e4439ff484
OpenFAST_input_files/IEA-15-240-RWT/Airfoils/IEA-15-240-RWT_AeroDyn15_Polar_05.dat,24536,751792c26e8158b610e425ebab120ed281270e43f6184a8881b8bf7a55a670f6
OpenFAST_input_files/IEA-15-240-RWT/Airfoils/IEA-15-240-RWT_AeroDyn15_Polar_06.dat,24536,08bbab2e628306baedb2d486a1a9875e26c6562bf0c74a94c71388d0c06dc240
OpenFAST_input_files/IEA-15-240-RWT/Airfoils/IEA-15-240-RWT_AeroDyn15_Polar_07.dat,24536,56633f39d9306537ace45c8c29afef02f7796eb20a6831d672a73e58f25b8130
OpenFAST_input_files/IEA-15-240-RWT/Airfoils/IEA-15-240-RWT_AeroDyn15_Polar_08.dat,24536,8649d2792a962a5b22d331873949665c253da5285016452d79aa741b1d5ee154
OpenFAST_input_files/IEA-15-240-RWT/Airfoils/IEA-15-240-RWT_AeroDyn15_Polar_09.dat,24536,20a6c3100ba729a314390cf4637c82c33bd3cb35a9905a9944942d8385ae5b08
OpenFAST_input_files/IEA-15-240-RWT/Airfoils/IEA-15-240-RWT_AeroDyn15_Polar_10.dat,24536,58301c7eeab0b9756ddc722f19419420b66a86d3eb2601aee241fc91e3420ba6
OpenFAST_input_files/IEA-15-240-RWT/Airfoils/IEA-15-240-RWT_AeroDyn15_Polar_11.dat,24536,e2af3e15bd02aacc7996edc66f755c5bce2d5599ba3dad5ec7100ff1549771c4
OpenFAST_input_files/IEA-15-240-RWT/Airfoils/IEA-15-240-RWT_AeroDyn15_Polar_12.dat,24536,6d1ebd045567efe2b7f510c93199302ebc187130fcdbed2011398200f5c884c5
OpenFAST_input_files/IEA-15-240-RWT/Airfoils/IEA-15-240-RWT_AeroDyn15_Polar_13.dat,24536,bd0bea121f25c7bcafcc90c703c25938b7a8a587000e72fb18b3b66944dea36a
OpenFAST_input_files/IEA-15-240-RWT/Airfoils/IEA-15-240-RWT_AeroDyn15_Polar_14.dat,24536,d73e1586f364d67581c3edd167bf8869e329ec432401a50dc9c39e9a415b3188
OpenFAST_input_files/IEA-15-240-RWT/Airfoils/IEA-15-240-RWT_AeroDyn15_Polar_15.dat,24536,4f671a3121e6c2e1703e2c59119bef37a862bdc361452c5e795a826b55de105b
OpenFAST_input_files/IEA-15-240-RWT/Airfoils/IEA-15-240-RWT_AeroDyn15_Polar_16.dat,24536,896239077bd559177e88288ea99054ec7aee87c1e5a517ce495a8225b102c34d
OpenFAST_input_files/IEA-15-240-RWT/Airfoils/IEA-15-240-RWT_AeroDyn15_Polar_17.dat,24536,9cfca553e2d5193ed106ddbd49bd1226dfc6fb452987ec429458c75471fa7252
OpenFAST_input_files/IEA-15-240-RWT/Airfoils/IEA-15-240-RWT_AeroDyn15_Polar_18.dat,24536,66a1e96a79c403730e1a5c317eb0077d600f10ff458b9867068e8fa52ae8a2bc
OpenFAST_input_files/IEA-15-240-RWT/Airfoils/IEA-15-240-RWT_AeroDyn15_Polar_19.dat,24536,6f20d0af4821f75a1cefcc4485cd7167b8c675a56b992d0c7b770a07bc5ffde6
OpenFAST_input_files/IEA-15-240-RWT/Airfoils/IEA-15-240-RWT_AeroDyn15_Polar_20.dat,24536,df91207493ef1493e51e5a3602669758e4dbbafc7933a476db792c15b960928a
OpenFAST_input_files/IEA-15-240-RWT/Airfoils/IEA-15-240-RWT_AeroDyn15_Polar_21.dat,24536,c7cc4e4b4715b1eb8ecb7462361731ad96871cbe0331964b1ba55ac2ec10dacb
OpenFAST_input_files/IEA-15-240-RWT/Airfoils/IEA-15-240-RWT_AeroDyn15_Polar_22.dat,24536,a49dff6631fece5d7c06bb5fad94fa9ec91cfb6a0213d4dd2ad95d0d295120c7
OpenFAST_input_files/IEA-15-240-RWT/Airfoils/IEA-15-240-RWT_AeroDyn15_Polar_23.dat,24536,9521e39e26838f7e7f9ae8a858bf5c3f1e08fd3f99fb1c777b9f27fb752592c6
OpenFAST_input_files/IEA-15-240-RWT/Airfoils/IEA-15-240-RWT_AeroDyn15_Polar_24.dat,24536,ed274455e361e5eee75832c38def63c7fa60b1d561bf035e2ef9cbce846a7041
OpenFAST_input_files/IEA-15-240-RWT/Airfoils/IEA-15-240-RWT_AeroDyn15_Polar_25.dat,24536,bc21ee65398a8db595c7173ed98d8630da03d14867f1889f4bec058363a8cfbd
OpenFAST_input_files/IEA-15-240-RWT/Airfoils/IEA-15-240-RWT_AeroDyn15_Polar_26.dat,24536,31d126c79925c839853724891481b52ebfa5958b8bd5168b0bb7505869c2ec20
OpenFAST_input_files/IEA-15-240-RWT/Airfoils/IEA-15-240-RWT_AeroDyn15_Polar_27.dat,24536,16eb18cfb78017537eb71382428695af268d5f75b92ed8d20b2b4d88cb7e9ce0
OpenFAST_input_files/IEA-15-240-RWT/Airfoils/IEA-15-240-RWT_AeroDyn15_Polar_28.dat,24536,0b07f30331d5b027c3868ed952c6d1fb6c0c506762e5c8f688d2f55f0328161e
OpenFAST_input_files/IEA-15-240-RWT/Airfoils/IEA-15-240-RWT_AeroDyn15_Polar_29.dat,24536,48c591bdaf3297b9c1714d874aae62c99fefd2cd3053babf8f8f0be6736c3ab5
OpenFAST_input_files/IEA-15-240-RWT/Airfoils/IEA-15-240-RWT_AeroDyn15_Polar_30.dat,24536,b1d20cfe2d8ae485999700b7b38461da17966f639d472b0c34266bb186823cfa
OpenFAST_input_files/IEA-15-240-RWT/Airfoils/IEA-15-240-RWT_AeroDyn15_Polar_31.dat,24536,a9c3b6cce3dcb007ebaee61aac68141832f35030c299b39d0a3be73faf326a78
OpenFAST_input_files/IEA-15-240-RWT/Airfoils/IEA-15-240-RWT_AeroDyn15_Polar_32.dat,24536,f559f04dbaf56ae1efc6ff7d9664bd7c0ca30db9d767a85217f22451cbbc0474
OpenFAST_input_files/IEA-15-240-RWT/Airfoils/IEA-15-240-RWT_AeroDyn15_Polar_33.dat,24536,3c24be2f147f25955013da2852cc5fbb36fa62af3ca850b5c88f11ffa1ab56c5
OpenFAST_input_files/IEA-15-240-RWT/Airfoils/IEA-15-240-RWT_AeroDyn15_Polar_34.dat,24536,1d8390a4eb0f241eb2bd31ed5423c068b7a6392230331719278bc5eda0d8912c
OpenFAST_input_files/IEA-15-240-RWT/Airfoils/IEA-15-240-RWT_AeroDyn15_Polar_35.dat,24536,35c691da1a2d6fdb2deb2457c6d478312a9dbc7d19358e2614344325035ca47d
OpenFAST_input_files/IEA-15-240-RWT/Airfoils/IEA-15-240-RWT_AeroDyn15_Polar_36.dat,24536,83f526cdb0ccbe9c37b702e89a3bdb81d5ef5f51c076dadb6de36d470ad44a0c
OpenFAST_input_files/IEA-15-240-RWT/Airfoils/IEA-15-240-RWT_AeroDyn15_Polar_37.dat,24536,f2a7d8ca610b30a43355393c1ba79d7313b0c7b2a082a31ca2b386118804bde8
OpenFAST_input_files/IEA-15-240-RWT/Airfoils/IEA-15-240-RWT_AeroDyn15_Polar_38.dat,24536,23b4c97b1d79bac2d11e4c717e59f06e945f072c8a9e849dbd35706eab4171d8
OpenFAST_input_files/IEA-15-240-RWT/Airfoils/IEA-15-240-RWT_AeroDyn15_Polar_39.dat,24536,5bc7b748048494668274eb7c2f00e84dcc0b8151b67ff1da6c045697d217c502
OpenFAST_input_files/IEA-15-240-RWT/Airfoils/IEA-15-240-RWT_AeroDyn15_Polar_40.dat,24536,3d2ec140569277e186d45be087a28de93e2a35b611e8fa22fc71841dc93c9dd1
OpenFAST_input_files/IEA-15-240-RWT/Airfoils/IEA-15-240-RWT_AeroDyn15_Polar_41.dat,24536,7a811aaea49e23ffb5507693b91650ee5393f80a753fbdd50161e5805e01cb72
OpenFAST_input_files/IEA-15-240-RWT/Airfoils/IEA-15-240-RWT_AeroDyn15_Polar_42.dat,24536,23597a94bf2c39ecd108d62e04761de81df94e12b8c123824b6556e8b7b3db13
OpenFAST_input_files/IEA-15-240-RWT/Airfoils/IEA-15-240-RWT_AeroDyn15_Polar_43.dat,24536,81693b341b5e6a645e1bb0a4b94d19af445ea70881cb795b670b771da774b512
OpenFAST_input_files/IEA-15-240-RWT/Airfoils/IEA-15-240-RWT_AeroDyn15_Polar_44.dat,24536,b0eb121aa22567987adfa211e6029affbe3319b2a7881d168bcf73ca75d562ed
OpenFAST_input_files/IEA-15-240-RWT/Airfoils/IEA-15-240-RWT_AeroDyn15_Polar_45.dat,24536,546737d283bbd3ee8dbff033d0ba1a41dc0141e34377f4ca6f5f91cf1f944f1e
OpenFAST_input_files/IEA-15-240-RWT/Airfoils/IEA-15-240-RWT_AeroDyn15_Polar_46.dat,24536,c178b50d57d29a668fe098a32fcb06e253039b5f13a798d240f050852a74f2d7
OpenFAST_input_files/IEA-15-240-RWT/Airfoils/IEA-15-240-RWT_AeroDyn15_Polar_47.dat,24536,d296705f0c30442bd357d06aec2a46ae0581173bc08382ce1ba091d21db9e541
OpenFAST_input_files/IEA-15-240-RWT/Airfoils/IEA-15-240-RWT_AeroDyn15_Polar_48.dat,24536,586c2b173e3a5323ad947a5231d9abe6ee9d41d9a2d5ff841a85c967eff81bd0
OpenFAST_input_files/IEA-15-240-RWT/Airfoils/IEA-15-240-RWT_AeroDyn15_Polar_49.dat,24536,e46bb35036b8828a269250a0d1ff988b68fcc5e1fd7a3389a48fb825cb54e2dd
OpenFAST_input_files/IEA-15-240-RWT/Airfoils/IEA-15-240-RWT_AF00_Coords.txt,9209,37ae9c2e3f20a2d13dace7c70994592b9aaeff92a7da1bb135fa0656291a4522
OpenFAST_input_files/IEA-15-240-RWT/Airfoils/IEA-15-240-RWT_AF01_Coords.txt,9209,437b7193f478718d05464a847d10a6b1035b28c0b8d14026820d1a846170bb8d
OpenFAST_input_files/IEA-15-240-RWT/Airfoils/IEA-15-240-RWT_AF02_Coords.txt,9209,da1ca505014674c5f22bd3d44c990c37f95812138927e221d8ef64f561f87b42
OpenFAST_input_files/IEA-15-240-RWT/Airfoils/IEA-15-240-RWT_AF03_Coords.txt,9209,8786144e8bfebdd6632e0d1594be4f75a0fad2594394e9947c73bfa66a8902e3
OpenFAST_input_files/IEA-15-240-RWT/Airfoils/IEA-15-240-RWT_AF04_Coords.txt,9209,aa348c6bbde4dd384be9998f19cc7b1cac431dcc8efa48f8f6fa29978988e84b
OpenFAST_input_files/IEA-15-240-RWT/Airfoils/IEA-15-240-RWT_AF05_Coords.txt,9209,3261eb732e0f5f70f9f0802412d50934d45c06ec0d8a350b641e39568baff4b6
OpenFAST_input_files/IEA-15-240-RWT/Airfoils/IEA-15-240-RWT_AF06_Coords.txt,9209,fea45c17880f75060201d4975e8dedee8487648b056a5b70ecd5c2bab9c3665f
OpenFAST_input_files/IEA-15-240-RWT/Airfoils/IEA-15-240-RWT_AF07_Coords.txt,9209,1ba86a9b7f819feea4069cf9c315fa720cb18154b3727420414c2f247a1a6c0f
OpenFAST_input_files/IEA-15-240-RWT/Airfoils/IEA-15-240-RWT_AF08_Coords.txt,9209,98f884f9481ae5a0f45661e044ebc1c96be0e19d671223598745143aa111d14b
OpenFAST_input_files/IEA-15-240-RWT/Airfoils/IEA-15-240-RWT_AF09_Coords.txt,9209,d761e9f681b1df99b08444d5e72fc7601916ff3394e2399e9e032d9d96b1dcbd
OpenFAST_input_files/IEA-15-240-RWT/Airfoils/IEA-15-240-RWT_AF10_Coords.txt,9209,8462a25fec12884c80eb0bdbadc63f80163ee7976ba92308ab2f1c3a5b2cbbc0
OpenFAST_input_files/IEA-15-240-RWT/Airfoils/IEA-15-240-RWT_AF11_Coords.txt,9209,c2e24ed4bc72027da8c8fe1fdb6747aa067a37dd8561a07c09b327ecceaf0432
OpenFAST_input_files/IEA-15-240-RWT/Airfoils/IEA-15-240-RWT_AF12_Coords.txt,9209,81b03787fbef2632a7c364fc5c62affe6a84283df172df2c52742a4116b1e3d2
OpenFAST_input_files/IEA-15-240-RWT/Airfoils/IEA-15-240-RWT_AF13_Coords.txt,9209,eeea98425b4dd0c467233ab828b7c007c516f0c0aa7249321d9958c55024b48a
OpenFAST_input_files/IEA-15-240-RWT/Airfoils/IEA-15-240-RWT_AF14_Coords.txt,9209,9d1a2c3b4b8fdf1c421e81e161966216c50cbc56ee712f4222267d9e2020722a
OpenFAST_input_files/IEA-15-240-RWT/Airfoils/IEA-15-240-RWT_AF15_Coords.txt,9209,63196aea02f74f5086b9e5aed032419b20a8e596c85da7ceeb5b4ae646e39ed6
OpenFAST_input_files/IEA-15-240-RWT/Airfoils/IEA-15-240-RWT_AF16_Coords.txt,9209,bdd2121691435c5b22787aefc7e6649e2b63c5392de6de59d1cfebb5c84cd52f
OpenFAST_input_files/IEA-15-240-RWT/Airfoils/IEA-15-240-RWT_AF17_Coords.txt,9209,511267637cdaf1113df1e5d6eb720acf431716e2331a7539a091523039916635
OpenFAST_input_files/IEA-15-240-RWT/Airfoils/IEA-15-240-RWT_AF18_Coords.txt,9209,de90c418b67c6a66746dcf6d28dd4820ea5a00546ba8317b11033634592b1863
OpenFAST_input_files/IEA-15-240-RWT/Airfoils/IEA-15-240-RWT_AF19_Coords.txt,9209,57cf507058a1493c2fc230754b56559aa6533b4312c84e71b53a0f9cf0bac561
OpenFAST_input_files/IEA-15-240-RWT/Airfoils/IEA-15-240-RWT_AF20_Coords.txt,9209,a949c88859cd1d4eb71ac2b142b86f59e6af96092e6d70a8d267c224338f2dfe
OpenFAST_input_files/IEA-15-240-RWT/Airfoils/IEA-15-240-RWT_AF21_Coords.txt,9209,953c3de668c66bfa9e5ab21052c3f630f8ce9e2a607c6ca49e55de37740d262c
OpenFAST_input_files/IEA-15-240-RWT/Airfoils/IEA-15-240-RWT_AF22_Coords.txt,9209,c74bf263516f727d245975a1c351456f544a967920e6bc70e3154ed033fc304d
OpenFAST_input_files/IEA-15-240-RWT/Airfoils/IEA-15-240-RWT_AF23_Coords.txt,9209,96c32673113837b8ebc0c62eef88af981e064aee4d89cd4f40f86138f9f8c433
OpenFAST_input_files/IEA-15-240-RWT/Airfoils/IEA-15-240-RWT_AF24_Coords.txt,9209,a326db8ef4faf3077bb182c464f92ea558a6ec0ee14f9a13cf65800d8221bdbe
OpenFAST_input_files/IEA-15-240-RWT/Airfoils/IEA-15-240-RWT_AF25_Coords.txt,9209,8de024b37fa2989717cc35594522bfdaaa789b6823c30971dbbb9b16309be1d2
OpenFAST_input_files/IEA-15-240-RWT/Airfoils/IEA-15-240-RWT_AF26_Coords.txt,9209,19fb34c8b7239597cf1144fecc6b459d76c66f70f9119367707430b6242e4533
OpenFAST_input_files/IEA-15-240-RWT/Airfoils/IEA-15-240-RWT_AF27_Coords.txt,9209,34ef4fe92b31400d20cb2f3ae358f8368b17dd7fd1c02e5ecfbdce9c0ce0026d
OpenFAST_input_files/IEA-15-240-RWT/Airfoils/IEA-15-240-RWT_AF28_Coords.txt,9209,f0d2b81c31c04f351e539226d29614da2e2581c3131970f7e70c19798d0f5aab
OpenFAST_input_files/IEA-15-240-RWT/Airfoils/IEA-15-240-RWT_AF29_Coords.txt,9209,f56c978bb48ccb02b6ce5270a49d344152927ac8ddf92b9d0545dc2718383f8b
OpenFAST_input_files/IEA-15-240-RWT/Airfoils/IEA-15-240-RWT_AF30_Coords.txt,9209,df8abb860bd217f8852d82b8d33ce84aa451eb050fe4eb1c05fc2a1cb465ed10
OpenFAST_input_files/IEA-15-240-RWT/Airfoils/IEA-15-240-RWT_AF31_Coords.txt,9209,8d1327a940b3eeb059128cfcdee97d7f71d8581199abed4c2bdef19410eeae18
OpenFAST_input_files/IEA-15-240-RWT/Airfoils/IEA-15-240-RWT_AF32_Coords.txt,9209,c65e8ef53fbe326a962dcecb6c6ae9148fe61a9440f08297286419cf24567a2c
OpenFAST_input_files/IEA-15-240-RWT/Airfoils/IEA-15-240-RWT_AF33_Coords.txt,9209,31fa3c03ea4cc3ee9485e51a596ec0e0e0cc6640b5dbc01c5af71dad1d86156a
OpenFAST_input_files/IEA-15-240-RWT/Airfoils/IEA-15-240-RWT_AF34_Coords.txt,9209,f1b3cb1b4aa518ff5725d553dbdeff6a34cd7f343842cc5905221a04510e56fe
OpenFAST_input_files/IEA-15-240-RWT/Airfoils/IEA-15-240-RWT_AF35_Coords.txt,9209,b23dc52179207ce21ac5200a166f5c7f412e1041f503530846f85f526ea5e53d
OpenFAST_input_files/IEA-15-240-RWT/Airfoils/IEA-15-240-RWT_AF36_Coords.txt,9209,1310019a095107ae5b8d27215850a85fdefc311b8f5b7780cc3ce7cc76139478
OpenFAST_input_files/IEA-15-240-RWT/Airfoils/IEA-15-240-RWT_AF37_Coords.txt,9209,e635aa08d14b32657c77dd3af461f45d8d7a7c13c1e35aa6a4d295a953a1fa8c
OpenFAST_input_files/IEA-15-240-RWT/Airfoils/IEA-15-240-RWT_AF38_Coords.txt,9209,71fdc4d5b95eab82c514b96db2f41c6f28db0fb21300236eabdcda90ab406728
OpenFAST_input_files/IEA-15-240-RWT/Airfoils/IEA-15-240-RWT_AF39_Coords.txt,9209,71fdc4d5b95eab82c514b96db2f41c6f28db0fb21300236eabdcda90ab406728
OpenFAST_input_files/IEA-15-240-RWT/Airfoils/IEA-15-240-RWT_AF40_Coords.txt,9209,71fdc4d5b95eab82c514b96db2f41c6f28db0fb21300236eabdcda90ab406728
OpenFAST_input_files/IEA-15-240-RWT/Airfoils/IEA-15-240-RWT_AF41_Coords.txt,9209,71fdc4d5b95eab82c514b96db2f41c6f28db0fb21300236eabdcda90ab406728
OpenFAST_input_files/IEA-15-240-RWT/Airfoils/IEA-15-240-RWT_AF42_Coords.txt,9209,71fdc4d5b95eab82c514b96db2f41c6f28db0fb21300236eabdcda90ab406728
OpenFAST_input_files/IEA-15-240-RWT/Airfoils/IEA-15-240-RWT_AF43_Coords.txt,9209,71fdc4d5b95eab82c514b96db2f41c6f28db0fb21300236eabdcda90ab406728
OpenFAST_input_files/IEA-15-240-RWT/Airfoils/IEA-15-240-RWT_AF44_Coords.txt,9209,71fdc4d5b95eab82c514b96db2f41c6f28db0fb21300236eabdcda90ab406728
OpenFAST_input_files/IEA-15-240-RWT/Airfoils/IEA-15-240-RWT_AF45_Coords.txt,9209,71fdc4d5b95eab82c514b96db2f41c6f28db0fb21300236eabdcda90ab406728
OpenFAST_input_files/IEA-15-240-RWT/Airfoils/IEA-15-240-RWT_AF46_Coords.txt,9209,71fdc4d5b95eab82c514b96db2f41c6f28db0fb21300236eabdcda90ab406728
OpenFAST_input_files/IEA-15-240-RWT/Airfoils/IEA-15-240-RWT_AF47_Coords.txt,9209,71fdc4d5b95eab82c514b96db2f41c6f28db0fb21300236eabdcda90ab406728
OpenFAST_input_files/IEA-15-240-RWT/Airfoils/IEA-15-240-RWT_AF48_Coords.txt,9209,71fdc4d5b95eab82c514b96db2f41c6f28db0fb21300236eabdcda90ab406728
OpenFAST_input_files/IEA-15-240-RWT/Airfoils/IEA-15-240-RWT_AF49_Coords.txt,9209,71fdc4d5b95eab82c514b96db2f41c6f28db0fb21300236eabdcda90ab406728
OpenFAST_input_files/IEA-15-240-RWT/Cp_Ct_Cq.IEA15MW.txt,32916,536345ba152428c42aac6bcee87d11f23685a31d2c9c1d264adb8df61fff25e1
OpenFAST_input_files/IEA-15-240-RWT/DISCON.dll,515072,a2501ada8494c665c3a2ae6aa287a646dd2465ce4ab8c751998a47cf6a9ba548
OpenFAST_input_files/IEA-15-240-RWT/IEA-15-240-RWT_AeroDyn15_blade.dat,9300,ed8eaaa11813946594bc791e9c808eba18d8078bf9409956814a00ba3c3ccef0
OpenFAST_input_files/IEA-15-240-RWT/IEA-15-240-RWT_BeamDyn.dat,7151,26ffeb76c34a8dc176e83f19b4bd47cbf4d15b946c13e69e43d253f2dcc83428
OpenFAST_input_files/IEA-15-240-RWT/IEA-15-240-RWT_BeamDyn_blade.dat,48120,bbc76b78ba2a09fbe863663dbb807e9cdbe000af423441580874e694bce28608
OpenFAST_input_files/IEA-15-240-RWT/IEA-15-240-RWT_ElastoDyn_blade.dat,9247,d36381fc1b69c68c3c66a741c42a1c5bbe657856cfe2146e69bcd7791357033d
OpenFAST_input_files/IEA-15-240-RWT/IEA-15-240-RWT_InflowFile.dat,7602,347486be0a90ecf1e0eb578e16f18538813157f3905284c45233f8c61c102968
OpenFAST_input_files/IEA-15-240-RWT/ServoData/update_libdiscon_extension.py,783,f2ac63eb6d472557091e10766df63cd1f12a25363c3e39ec018ff1a1a723d06e
OpenFAST_input_files/IEA-15-240-RWT/ServoData/update_rosco_discons.py,937,8e291f48f70496300229d90871589ccbecb0a5e4d998687ef431309699596535
OpenFAST_input_files/IEA-15-240-RWT/Wind/IEA15MW_IEC_ETM_U50.0_Seed60362647.in,7076,cdd9e6e6201c16d679f19b5864a0d3ded88ca1fa3a8dabe0e85b419775571f5a
OpenFAST_input_files/IEA-15-240-RWT/Wind/long_step_wind.wnd,2282,77b536b27a03c5dbb20fb42e664e799f890252290ec497cf3f7e4725fe33ccd6
OpenFAST_input_files/IEA-15-240-RWT/Wind/NoShr_9-14_Inc1_50s.wnd,1241,ac5ea1e7c88e7b44fda55f343f1c4858c1ef2af7077c8f57cedd55410b363a35
OpenFAST_input_files/IEA-15-240-RWT-OLAF/IEA-15-240-RWT_AeroDyn15.dat,15367,ff14cb527bc96ba44b560bdecb3dad1bc8820cfd36eff98acf3a3e6bbe37742e
OpenFAST_input_files/IEA-15-240-RWT-OLAF/IEA-15-240-RWT_OLAF.dat,4593,67409ac48beb96b222e24de878b636752ea432dd31c8c359b546daa911ad122e
OpenFAST_input_files/IEA-15-240-RWT-OLAF/IEA-15-240-RWT_OLAF.fst,8239,ccaf95349015ea94cc80726533fb84d1b47397a642d7617b599ce3803b400a40
OpenFAST_input_files/IEA-15-240-RWT-UMaineSemi.ED.sum,22168,f6c8961e84d29d00e353f464a2f518e882e64b2030fb27239f392ac595ad01e5
OpenFAST_input_files/IEA-15-240-RWT-UMaineSemi.fst,8933,7b43f8635c846fe7895a857308687a9d4e0306272506999c62eac67e503f2633
OpenFAST_input_files/IEA-15-240-RWT-UMaineSemi.HD.sum,3242976,3f1c66d861ada4c424179f1499632e47e18347b8476b0d59bce68e51aff2168f
OpenFAST_input_files/IEA-15-240-RWT-UMaineSemi.MAP.sum,2099,3f08ffe12a7fe493c9ee01fba9f705babe3361e4f4f6f481d06c42e751aa3ea2
OpenFAST_input_files/IEA-15-240-RWT-UMaineSemi.SrvD.sum,14453,f52fa7c1b0330e092880646fd04a4f354f3788c12c411991390c74781e08b8a6
OpenFAST_input_files/IEA-15-240-RWT-UMaineSemi.sum,63759,fc1ddb5504487b2130b468e74c6c18165f408740eb63f3fddb5ff36b37496290
OpenFAST_input_files/IEA-15-240-RWT-UMaineSemi_AeroDyn15.dat,15796,357270817a8d2d9dd667a933bfb55ce1c91a8735812d038884a9aadecc73b83b
OpenFAST_input_files/IEA-15-240-RWT-UMaineSemi_DISCON.IN,32764,f31c722f9cf6b8134269c0bb99e587931c769607676c886104a086ec66428320
OpenFAST_input_files/IEA-15-240-RWT-UMaineSemi_ElastoDyn.dat,16659,18eea207943083c73b3f0252a971b36dc222463841fae3325fd19756147eec9a
OpenFAST_input_files/IEA-15-240-RWT-UMaineSemi_ElastoDyn_tower.dat,4042,3ee47d83552e865fe9d06fcd24269856be2a1e3f881a2c5b22e4b385d1ed8aa5
OpenFAST_input_files/IEA-15-240-RWT-UMaineSemi_HydroDyn.dat,18139,ee31745a2941610e0a3ac327fa750e314d62eafe15c3920b3b9cc270bfb89340
OpenFAST_input_files/IEA-15-240-RWT-UMaineSemi_MAP.dat,1026,0ed1177c66807286517641bde5f9dfd34f830e83b0b4772f5c82329c18e57e8f
OpenFAST_input_files/IEA-15-240-RWT-UMaineSemi_MoorDyn.dat,3559,0330ed17e97fe4bdd7c331c8c5d5ca3d7dd57395df657b8e71a76ee3c74d82d0
OpenFAST_input_files/IEA-15-240-RWT-UMaineSemi_ROSCO.yaml,4619,3d1ccf92783e212633f62b0c37f47f76f620a0012c6c52f034f91f033a37194c
OpenFAST_input_files/IEA-15-240-RWT-UMaineSemi_SeaState.dat,10267,f167921e24bfacea70b2cf854e9bf51ffa23b9412d9dc26c407be43efe7b18b9
OpenFAST_input_files/IEA-15-240-RWT-UMaineSemi_ServoDyn.dat,13467,31d6cc4de54b282432c65533141d1794531860b4d9a81a4101a01c0e3a71fade
OpenFAST_input_files/OpenFAST_Release.exe,43699712,951d11a202a18620bae6d1c503e631e732f3131edf00d955a5d3cb74708eedb9
OpenFAST_input_files/ReadFASTbinary.m,5716,5c9c5e6c6179a9802d3ebc78f6f5b14127fb6af87922a4ed5fe9bf35452a893b
OpenFAST_input_files/test_run.ED.sum,22168,31db0f7ce6e4b2a7fee44b6ed2d8209126230ea391e88cec2c18c8dedabf5128
OpenFAST_input_files/test_run.fst,8964,99447a1390d620d576d94ac10ce30a9aabab0aa375be6be4d60789b59cc29ced
OpenFAST_input_files/test_run.HD.sum,3242976,e4ea6ac390990c8d0e271b0b66df6ea9c05284b09acd64268a66c70830e4a941
OpenFAST_input_files/test_run.SrvD.sum,14453,8106212de6a712ad0d5ff3df7b08af3c0ac6fff877aaec298b63758a2ab2cb30
OpenFAST_input_files/test_run.sum,63759,a60b5e6e254a44d26279be828b02826fbc07fb113d1246b8c077de55b72fdba9
OpenFAST_input_files/untitled.m,2291,ddf5b99c359cabf7fb204b7f2307474f680478cd92ae22d03d246e9954d6452a
parameter_change.json,896,3b8af7a1476c6122635a415d135250e5a62ddc2c0f49c455511ea4599959f0e4
six_dof_comparison.png,513514,87893b7f0ec155ccb4ed3a0d89aeb96d73141fcc0c8474a7beea294cef453587
